snapshot_time_utc,week_monday,week_friday,week_sunday,ticker,slug,event_title,market_question,event_id,market_id,condition_id,event_endDate,K,T_days,pPM_buy,pPM_mid,yes_spread,qPM_buy,qPM_mid,no_spread,pm_ok,pm_reason,yes_token_id,no_token_id,S,pRN,qRN,pRN_raw,rn_method,rn_quote_source,rn_monotone_adjusted,n_calls_used,calls_k_min,calls_k_max,deltaK,snapshot_time_local,snapshot_session,event_updatedAt,expiry_ts_utc,pm_ok_meta,pm_reason_meta,schema_version,spot_source,spot_asof_utc,rn_asof_utc,rv20,rv20_source,rv20_window,is_missing_rv20,dividend_yield,forward_price,rel_spread_median,n_chain_raw,n_chain_used,n_band_raw,n_band_inside,dropped_intrinsic,asof_fallback_days,expiry_fallback_days,split_events_in_preload_range,spot_scale_used,expiry_date,expiry_close_date_used,asof_date,S_asof_close,S_asof_close_adj,S_expiry_close,S_expiry_close_adj,r,T_years,sqrt_T_years,log_T_days,log_m,abs_log_m,x_logit_prn,prn_raw_gap,x_prn_x_tdays,x_prn_x_rv20,x_prn_x_logm,rv20_sqrtT,log_m_over_volT,abs_log_m_over_volT,log_m_fwd,abs_log_m_fwd,log_m_fwd_over_volT,abs_log_m_fwd_over_volT,x_m,x_abs_m,pHAT,qHAT,edge,edge_source,model_version,asof_timestamp
2026-02-05 23:50:22.144640+00:00,2026-02-02,2026-02-06,2026-02-08,AAPL,aapl-close-above-on-february-6-2026,Apple (AAPL) closes above ___ on February 6?,Will Apple (AAPL) close above $265 on February 6?,199216,1339385,0x962de5695d430018c6f401c0c35bf0401e1806f1592395d6c4d27a2f6320c1e9,2026-02-06 00:00:00+00:00,265.0,0.8816881407407408,0.99,0.915,0.15,0.16,0.085,0.15,True,ok,26720914724865313393293219463246327274368119323104218267299759884349657938901,87418927617818778962889458131816834731045769593830301915505015839862176530893,275.41,0.9700702,0.0299298,0.9700702,call_slope,bidask_mid,False,65,110.0,400.0,7.5,2026-02-06T00:50:22.144640+01:00,PRE,2026-02-05T23:47:35.089908Z,2026-02-06 21:00:00+00:00,True,ok,pPM_polymarket_snapshot_v1.0.1,intraday_prepost_1m,2026-02-05T23:50:22.144640+00:00,2026-02-05T23:50:22.144640+00:00,0.2537890702680508,realized_20d,20,False,0.0,275.42995900242823,0.0453563714902808,65,65,13.0,13.0,0,0,0,0,raw,2026-02-06,2026-02-06,2026-02-06,275.41,275.41,275.41,275.41,0.03,0.0024155839472349,0.0491485904908259,0.6321693211309689,-0.0385310704697349,0.0385310704697349,3.478513800429107,0.0,3.0669643652413474,0.8828087833254873,-0.1340308603742795,0.0124733750856518,-3.0890653255554916,3.0890653255554916,-0.038603537988152,0.038603537988152,-3.0948751018124776,3.0948751018124776,-0.1342829396371763,0.1342829396371763,0.9891717551909684,0.01082824480903155,,pRN_out_of_range,v1.5.0,2026-02-06T12:08:09.137879+00:00
2026-02-05 23:50:22.144640+00:00,2026-02-02,2026-02-06,2026-02-08,AAPL,aapl-close-above-on-february-6-2026,Apple (AAPL) closes above ___ on February 6?,Will Apple (AAPL) close above $270 on February 6?,199216,1339386,0x3f12faa6b23efec5a6a0760449b2f5c770d4c910fa677e2335b7fd3447307ab0,2026-02-06 00:00:00+00:00,270.0,0.8816881407407408,0.99,0.735,0.51,0.52,0.265,0.51,True,ok,58159668417114237434664825019216056859452289433286037069316018231985527732315,98596297297526341346852422648264818169666323825183681398210796432570790856054,275.41,0.9067323,0.0932677,0.9067323,call_slope,bidask_mid,False,65,110.0,400.0,7.5,2026-02-06T00:50:22.144640+01:00,PRE,2026-02-05T23:47:35.089908Z,2026-02-06 21:00:00+00:00,True,ok,pPM_polymarket_snapshot_v1.0.1,intraday_prepost_1m,2026-02-05T23:50:22.144640+00:00,2026-02-05T23:50:22.144640+00:00,0.2537890702680508,realized_20d,20,False,0.0,275.42995900242823,0.0453563714902808,65,65,13.0,13.0,0,0,0,0,raw,2026-02-06,2026-02-06,2026-02-06,275.41,275.41,275.41,275.41,0.03,0.0024155839472349,0.0491485904908259,0.6321693211309689,-0.0198389374575824,0.0198389374575824,2.2743734048635247,0.0,2.005288058684309,0.5772111118626951,-0.0451211517342763,0.0124733750856518,-1.590502756579749,1.590502756579749,-0.0199114049759995,0.0199114049759995,-1.5963125328367325,1.5963125328367325,-0.0452859699308806,0.0452859699308806,0.9390641406952517,0.06093585930474832,,pRN_out_of_range,v1.5.0,2026-02-06T12:08:09.137879+00:00
2026-02-05 23:50:22.144640+00:00,2026-02-02,2026-02-06,2026-02-08,AAPL,aapl-close-above-on-february-6-2026,Apple (AAPL) closes above ___ on February 6?,Will Apple (AAPL) close above $275 on February 6?,199216,1339387,0x090b92f9132e32742325292004b7ac2e98a6822c8e9733817d516a2110415b43,2026-02-06 00:00:00+00:00,275.0,0.8816881407407408,0.9,0.56,0.68,0.78,0.44,0.68,True,ok,16201257744115954031366026729904516249765170575826630395761401178128880231269,26778053148628389692180506873403501243780063297457177649136609314055391823931,275.41,0.6920501,0.3079499,0.6920501,call_slope,bidask_mid,False,65,110.0,400.0,7.5,2026-02-06T00:50:22.144640+01:00,PRE,2026-02-05T23:47:35.089908Z,2026-02-06 21:00:00+00:00,True,ok,pPM_polymarket_snapshot_v1.0.1,intraday_prepost_1m,2026-02-05T23:50:22.144640+00:00,2026-02-05T23:50:22.144640+00:00,0.2537890702680508,realized_20d,20,False,0.0,275.42995900242823,0.0453563714902808,65,65,13.0,13.0,0,0,0,0,raw,2026-02-06,2026-02-06,2026-02-06,275.41,275.41,275.41,275.41,0.03,0.0024155839472349,0.0491485904908259,0.6321693211309689,-0.0014897987893858,0.0014897987893858,0.8097212444359713,0.0,0.7139216185250303,0.2054984018016943,-0.0012063217297007,0.0124733750856518,-0.1194383059240791,0.1194383059240791,-0.001562266307803,0.001562266307803,-0.125248082181069,0.125248082181069,-0.0012650002188946,0.0012650002188946,0.6898654951103512,0.3101345048896488,-0.2101345048896488,yes contract,v1.5.0,2026-02-06T12:08:09.137879+00:00
2026-02-05 23:50:22.144640+00:00,2026-02-02,2026-02-06,2026-02-08,AAPL,aapl-close-above-on-february-6-2026,Apple (AAPL) closes above ___ on February 6?,Will Apple (AAPL) close above $280 on February 6?,199216,1339389,0xb407388f09f5233c9e652a6d8536ac31ff5cf9d9bfc1b95eb7a6c460878ead22,2026-02-06 00:00:00+00:00,280.0,0.8816881407407408,0.6,0.3349999999999999,0.53,0.93,0.665,0.53,True,ok,32045845687592346317276455140677357808872859735605224391407168833542806538231,27652814240892751695829186359553611519125591061617324631614376325674248536515,275.41,0.3160229,0.6839771,0.3160229,call_slope,bidask_mid,False,65,110.0,400.0,7.5,2026-02-06T00:50:22.144640+01:00,PRE,2026-02-05T23:47:35.089908Z,2026-02-06 21:00:00+00:00,True,ok,pPM_polymarket_snapshot_v1.0.1,intraday_prepost_1m,2026-02-05T23:50:22.144640+00:00,2026-02-05T23:50:22.144640+00:00,0.2537890702680508,realized_20d,20,False,0.0,275.42995900242823,0.0453563714902808,65,65,13.0,13.0,0,0,0,0,raw,2026-02-06,2026-02-06,2026-02-06,275.41,275.41,275.41,275.41,0.03,0.0024155839472349,0.0491485904908259,0.6321693211309689,0.0165287067132922,0.0165287067132922,-0.7721097582142965,0.0,-0.6807600171677459,-0.1959530176820958,-0.0127619757439951,0.0124733750856518,1.3251190315206067,1.3251190315206067,0.0164562391948752,0.0164562391948752,1.319309255263628,1.319309255263628,-0.0127060228658717,-0.0127060228658717,0.24497753398513963,0.7550224660148603,-0.1749775339851397,no contract,v1.5.0,2026-02-06T12:08:09.137879+00:00
2026-02-05 23:50:22.144640+00:00,2026-02-02,2026-02-06,2026-02-08,AAPL,aapl-close-above-on-february-6-2026,Apple (AAPL) closes above ___ on February 6?,Will Apple (AAPL) close above $285 on February 6?,199216,1339392,0x23a61a66788e12f7344081d25ad40c0e2cf9cde6dcc50df3bb9083ef9d9d9c38,2026-02-06 00:00:00+00:00,285.0,0.8816881407407408,0.236,0.123,0.2259999999999999,0.99,0.877,0.2259999999999999,True,ok,61671591014514245640842056131088032604447999940935541686850406897740595941856,100859765676032622653546751693415728417470697481187754266690714671984257040009,275.41,0.0640046,0.9359954,0.0640046,call_slope,bidask_mid,False,65,110.0,400.0,7.5,2026-02-06T00:50:22.144640+01:00,PRE,2026-02-05T23:47:35.089908Z,2026-02-06 21:00:00+00:00,True,ok,pPM_polymarket_snapshot_v1.0.1,intraday_prepost_1m,2026-02-05T23:50:22.144640+00:00,2026-02-05T23:50:22.144640+00:00,0.2537890702680508,realized_20d,20,False,0.0,275.42995900242823,0.0453563714902808,65,65,13.0,13.0,0,0,0,0,raw,2026-02-06,2026-02-06,2026-02-06,275.41,275.41,275.41,275.41,0.03,0.0024155839472349,0.0491485904908259,0.6321693211309689,0.0342282838126933,0.0342282838126933,-2.682655606158814,0.0,-2.365265633641889,-0.6808286721364196,-0.0918226974593168,0.0124733750856518,2.744107635475996,2.744107635475996,0.0341558162942762,0.0341558162942762,2.7382978592190104,2.7382978592190104,-0.0916282920647708,-0.0916282920647708,0.03819075514243289,0.9618092448575671,,pRN_out_of_range,v1.5.0,2026-02-06T12:08:09.137879+00:00
2026-02-05 23:50:22.144640+00:00,2026-02-02,2026-02-06,2026-02-08,AMZN,amzn-close-above-on-february-6-2026,Amazon (AMZN) closes above ___ on February 6?,Will Amazon (AMZN) close above $225 on February 6?,199240,1339425,0xc78ac796341147d4bf3cffd8fb8870cf4affbea48bc918ff5a1293e7ccb82f81,2026-02-06 00:00:00+00:00,225.0,0.8816881407407408,0.88,0.445,0.87,0.99,0.5549999999999999,0.87,True,ok,76415733491367458545132276857539115468259808241265841359062614986769846877687,95150202154533751170075860744333037288841914778856496727833168386328775467724,198.5052,0.4767012,0.5232988,0.4767012,call_slope,bidask_mid,False,63,125.0,345.0,7.5,2026-02-06T00:50:22.144640+01:00,PRE,2026-02-05T23:47:39.808261Z,2026-02-06 21:00:00+00:00,True,ok,pPM_polymarket_snapshot_v1.0.1,intraday_prepost_1m,2026-02-05T23:50:22.144640+00:00,2026-02-05T23:50:22.144640+00:00,0.2953395791776421,realized_20d,20,False,0.0,198.5195857004786,0.0684931506849315,63,63,11.0,11.0,0,0,0,0,raw,2026-02-06,2026-02-06,2026-02-06,198.5052,198.5052,198.5052,198.5052,0.03,0.0024155839472349,0.0491485904908259,0.6321693211309689,0.1252851059467449,0.1252851059467449,-0.0932627407217489,0.0,-0.0822286524673445,-0.0275441785977148,-0.0116844323522081,0.0145155240327347,8.631111468260274,8.631111468260274,0.1252126384283277,0.1252126384283277,8.626119053363388,8.626119053363388,-0.0116776738328272,-0.0116776738328272,0.06640875769685264,0.9335912423031474,-0.05640875769685261,no contract,v1.5.0,2026-02-06T12:08:09.137879+00:00
2026-02-05 23:50:22.144640+00:00,2026-02-02,2026-02-06,2026-02-08,AMZN,amzn-close-above-on-february-6-2026,Amazon (AMZN) closes above ___ on February 6?,Will Amazon (AMZN) close above $230 on February 6?,199240,1339426,0x1c385a9fe4b2dd186208fc9c6c8f876770fce62841728b62228dd35a8e67b1ed,2026-02-06 00:00:00+00:00,230.0,0.8816881407407408,0.36,0.185,0.35,0.99,0.815,0.35,True,ok,84556640839381659090687284627901385456196356171919882954367421023952798696395,603976663347984151858787923103935191419460985008385863300812357294026210809,198.5052,0.4100297,0.5899703,0.4100297,call_slope,bidask_mid,False,63,125.0,345.0,7.5,2026-02-06T00:50:22.144640+01:00,PRE,2026-02-05T23:47:39.808261Z,2026-02-06 21:00:00+00:00,True,ok,pPM_polymarket_snapshot_v1.0.1,intraday_prepost_1m,2026-02-05T23:50:22.144640+00:00,2026-02-05T23:50:22.144640+00:00,0.2953395791776421,realized_20d,20,False,0.0,198.5195857004786,0.0684931506849315,63,63,11.0,11.0,0,0,0,0,raw,2026-02-06,2026-02-06,2026-02-06,198.5052,198.5052,198.5052,198.5052,0.03,0.0024155839472349,0.0491485904908259,0.6321693211309689,0.1472640126655202,0.1472640126655202,-0.3638426005505009,0.0,-0.3207957060016472,-0.1074571205334838,-0.0535809213357248,0.0145155240327347,10.145277038115657,10.145277038115657,0.1471915451471031,0.1471915451471031,10.14028462321877,10.14028462321877,-0.0535545545653684,-0.0535545545653684,0.036729420064976204,0.9632705799350239,-0.02672942006497614,no contract,v1.5.0,2026-02-06T12:08:09.137879+00:00
2026-02-05 23:50:22.144640+00:00,2026-02-02,2026-02-06,2026-02-08,AMZN,amzn-close-above-on-february-6-2026,Amazon (AMZN) closes above ___ on February 6?,Will Amazon (AMZN) close above $235 on February 6?,199240,1339427,0x75c65c01695e1cd5298820cd9b75ef9ff21c2af3c692daf4a4d507a9a2fc2d10,2026-02-06 00:00:00+00:00,235.0,0.8816881407407408,0.3,0.155,0.29,0.99,0.845,0.29,True,ok,27615735298478273030570531533365087654269526143755667824000235779074808818140,18183626625074725123769195786863116318127250181819745221939130445736949806413,198.5052,0.3600261,0.6399739,0.3600261,call_slope,bidask_mid,False,63,125.0,345.0,7.5,2026-02-06T00:50:22.144640+01:00,PRE,2026-02-05T23:47:39.808261Z,2026-02-06 21:00:00+00:00,True,ok,pPM_polymarket_snapshot_v1.0.1,intraday_prepost_1m,2026-02-05T23:50:22.144640+00:00,2026-02-05T23:50:22.144640+00:00,0.2953395791776421,realized_20d,20,False,0.0,198.5195857004786,0.0684931506849315,63,63,11.0,11.0,0,0,0,0,raw,2026-02-06,2026-02-06,2026-02-06,198.5052,198.5052,198.5052,198.5052,0.03,0.0024155839472349,0.0491485904908259,0.6321693211309689,0.1687702178864837,0.1687702178864837,-0.575250865449982,0.0,-0.5071918660180967,-0.1698943485235721,-0.0970852139013818,0.0145155240327347,11.626877369764973,11.626877369764973,0.1686977503680666,0.1686977503680666,11.621884954868088,11.621884954868088,-0.0970435268986953,-0.0970435268986953,0.02150155552211267,0.9784984444778874,-0.011501555522112628,no contract,v1.5.0,2026-02-06T12:08:09.137879+00:00
2026-02-05 23:50:22.144640+00:00,2026-02-02,2026-02-06,2026-02-08,AMZN,amzn-close-above-on-february-6-2026,Amazon (AMZN) closes above ___ on February 6?,Will Amazon (AMZN) close above $240 on February 6?,199240,1339428,0xec48e24c7566d8f6359a63a8d8429dda5310b7dc825787b0d157f64edb973dbd,2026-02-06 00:00:00+00:00,240.0,0.8816881407407408,0.569,0.2895,0.5589999999999999,0.99,0.7105,0.5589999999999999,True,ok,106243461432732174746060489016254887691128712219098346838052760012619549883434,91182783546674931508353968471776440756974233306500658772054530696201551187329,198.5052,0.2773534,0.7226466,0.2773534,call_slope,bidask_mid,False,63,125.0,345.0,7.5,2026-02-06T00:50:22.144640+01:00,PRE,2026-02-05T23:47:39.808261Z,2026-02-06 21:00:00+00:00,True,ok,pPM_polymarket_snapshot_v1.0.1,intraday_prepost_1m,2026-02-05T23:50:22.144640+00:00,2026-02-05T23:50:22.144640+00:00,0.2953395791776421,realized_20d,20,False,0.0,198.5195857004786,0.0684931506849315,63,63,11.0,11.0,0,0,0,0,raw,2026-02-06,2026-02-06,2026-02-06,198.5052,198.5052,198.5052,198.5052,0.03,0.0024155839472349,0.0491485904908259,0.6321693211309689,0.1898236270843162,0.1898236270843162,-0.9576278006734495,0.0,-0.8443290750974185,-0.2828253916597075,-0.1817803825206108,0.0145155240327347,13.077283786395451,13.077283786395451,0.1897511595658989,0.1897511595658989,13.072291371498554,13.072291371498554,-0.1817109856103286,-0.1817109856103286,0.011644000759048215,0.9883559992409517,-0.0016440007590482475,no contract,v1.5.0,2026-02-06T12:08:09.137879+00:00
2026-02-05 23:50:22.144640+00:00,2026-02-02,2026-02-06,2026-02-08,AMZN,amzn-close-above-on-february-6-2026,Amazon (AMZN) closes above ___ on February 6?,Will Amazon (AMZN) close above $245 on February 6?,199240,1339429,0xb61342b70760d9ea2de98d9a474e1471a1832c3dcadb28e0370bde6c7e8717dc,2026-02-06 00:00:00+00:00,245.0,0.8816881407407408,0.059,0.03,0.0579999999999999,0.999,0.97,0.058,True,ok,90253580232504996492787648395753767062920095978055240815277562202548327050782,8550781582315021985566152804479451092647335241042287864143249639465217975078,198.5052,0.2253497,0.7746503,0.2253497,call_slope,bidask_mid,False,63,125.0,345.0,7.5,2026-02-06T00:50:22.144640+01:00,PRE,2026-02-05T23:47:39.808261Z,2026-02-06 21:00:00+00:00,True,ok,pPM_polymarket_snapshot_v1.0.1,intraday_prepost_1m,2026-02-05T23:50:22.144640+00:00,2026-02-05T23:50:22.144640+00:00,0.2953395791776421,realized_20d,20,False,0.0,198.5195857004786,0.0684931506849315,63,63,11.0,11.0,0,0,0,0,raw,2026-02-06,2026-02-06,2026-02-06,198.5052,198.5052,198.5052,198.5052,0.03,0.0024155839472349,0.0491485904908259,0.6321693211309689,0.2104429142870518,0.2104429142870518,-1.2347582838406064,0.0,-1.0886717355436522,-0.3646729919355922,-0.259846131691496,0.0145155240327347,14.49778277466731,14.49778277466731,0.2103704467686347,0.2103704467686347,14.492790359770424,14.492790359770424,-0.259756651822821,-0.259756651822821,0.006931048836421797,0.9930689511635782,-0.005931048836421815,no contract,v1.5.0,2026-02-06T12:08:09.137879+00:00
2026-02-05 23:50:22.144640+00:00,2026-02-02,2026-02-06,2026-02-08,GOOGL,googl-close-above-on-february-6-2026,Google (GOOGL) closes above ___ on February 6?,Will Google (GOOGL) close above $325 on February 6?,199244,1339432,0xa17b203240472be78baab6648dd36cae9070a5a099002ae0e54e819457bda4a0,2026-02-06 00:00:00+00:00,325.0,0.8816881407407408,0.95,0.5,0.8999999999999999,0.95,0.5,0.8999999999999999,True,ok,3834424792738026618364391494751840029853037551653662688986240910257402961140,52924700919902999044495407542169430293212878172104846417542152536307870031943,323.25,0.7967244,0.2032756,0.7967244,call_slope,bidask_mid,False,91,110.0,450.0,7.5,2026-02-06T00:50:22.144640+01:00,PRE,2026-02-05T23:47:39.769593Z,2026-02-06 21:00:00+00:00,True,ok,pPM_polymarket_snapshot_v1.0.1,intraday_prepost_1m,2026-02-05T23:50:22.144640+00:00,2026-02-05T23:50:22.144640+00:00,0.1961574142589663,realized_20d,20,False,0.0,323.27342597412917,0.0821917808219177,91,91,16.0,16.0,0,0,0,0,raw,2026-02-06,2026-02-06,2026-02-06,323.25,323.25,323.25,323.25,0.03,0.0024155839472349,0.0491485904908259,0.6321693211309689,0.0053991646777706,0.0053991646777706,1.3659461284949632,0.0,1.204338502384737,0.2679404605826178,0.0073749680887075,0.0096408604251532,0.5600293375977158,0.5600293375977158,0.0053266971593536,0.0053266971593536,0.552512631077635,0.552512631077635,0.0072759813624842,0.0072759813624842,0.7684316037346812,0.23156839626531878,-0.18156839626531873,yes contract,v1.5.0,2026-02-06T12:08:09.137879+00:00
2026-02-05 23:50:22.144640+00:00,2026-02-02,2026-02-06,2026-02-08,GOOGL,googl-close-above-on-february-6-2026,Google (GOOGL) closes above ___ on February 6?,Will Google (GOOGL) close above $330 on February 6?,199244,1339434,0x783bfce46a9d93cc5dffce197c730b814e2978518306b3fa633ce7a211a17f54,2026-02-06 00:00:00+00:00,330.0,0.8816881407407408,0.95,0.495,0.91,0.96,0.505,0.91,True,ok,21832264549340628698047122820255512062193100244121335131526995501355925295487,108417559610823539733019324736108644164877723871924208768326042819716630043248,323.25,0.5833756,0.4166244,0.5833756,call_slope,bidask_mid,False,91,110.0,450.0,7.5,2026-02-06T00:50:22.144640+01:00,PRE,2026-02-05T23:47:39.769593Z,2026-02-06 21:00:00+00:00,True,ok,pPM_polymarket_snapshot_v1.0.1,intraday_prepost_1m,2026-02-05T23:50:22.144640+00:00,2026-02-05T23:50:22.144640+00:00,0.1961574142589663,realized_20d,20,False,0.0,323.27342597412917,0.0821917808219177,91,91,16.0,16.0,0,0,0,0,raw,2026-02-06,2026-02-06,2026-02-06,323.25,323.25,323.25,323.25,0.03,0.0024155839472349,0.0491485904908259,0.6321693211309689,0.0206666368085591,0.0206666368085591,0.3366461362845628,0.0,0.2968169059882902,0.0660356356138514,0.0069573434315977,0.0096408604251532,2.1436506595033125,2.1436506595033125,0.0205941692901419,0.0205941692901419,2.1361339529832035,2.1361339529832035,0.0069329475215164,0.0069329475215164,0.46499571383403504,0.535004286165965,-0.424995713834035,no contract,v1.5.0,2026-02-06T12:08:09.137879+00:00
2026-02-05 23:50:22.144640+00:00,2026-02-02,2026-02-06,2026-02-08,GOOGL,googl-close-above-on-february-6-2026,Google (GOOGL) closes above ___ on February 6?,Will Google (GOOGL) close above $335 on February 6?,199244,1339435,0x3a9cfb7d87c7b9bd0168bca97f3c1e014ea813f00f60d25b82503ce6fc729d9a,2026-02-06 00:00:00+00:00,335.0,0.8816881407407408,0.94,0.475,0.93,0.99,0.525,0.93,True,ok,62956547964092016699687787178804803108118352453931402184653432090956822630667,17204968328606882616416781851934863222916852313575026784964790973537480763736,323.25,0.4013624,0.5986376,0.4013624,call_slope,bidask_mid,False,91,110.0,450.0,7.5,2026-02-06T00:50:22.144640+01:00,PRE,2026-02-05T23:47:39.769593Z,2026-02-06 21:00:00+00:00,True,ok,pPM_polymarket_snapshot_v1.0.1,intraday_prepost_1m,2026-02-05T23:50:22.144640+00:00,2026-02-05T23:50:22.144640+00:00,0.1961574142589663,realized_20d,20,False,0.0,323.27342597412917,0.0821917808219177,91,91,16.0,16.0,0,0,0,0,raw,2026-02-06,2026-02-06,2026-02-06,323.25,323.25,323.25,323.25,0.03,0.0024155839472349,0.0491485904908259,0.6321693211309689,0.0357045141730995,0.0357045141730995,-0.3997916468495577,0.0,-0.3524915537944654,-0.078422095688343,-0.0142743665212268,0.0096408604251532,3.7034572225468136,3.7034572225468136,0.0356320466546824,0.0356320466546824,3.695940516026723,3.695940516026723,-0.0142453946126957,-0.0142453946126957,0.2430421182969473,0.7569578817030527,-0.23304211829694732,no contract,v1.5.0,2026-02-06T12:08:09.137879+00:00
2026-02-05 23:50:22.144640+00:00,2026-02-02,2026-02-06,2026-02-08,GOOGL,googl-close-above-on-february-6-2026,Google (GOOGL) closes above ___ on February 6?,Will Google (GOOGL) close above $340 on February 6?,199244,1339437,0xaaf6f4ab975e6f0f55dd66c28ab1331b618ebd5d45e7f578295525afef151e02,2026-02-06 00:00:00+00:00,340.0,0.8816881407407408,0.941,0.4755,0.931,0.99,0.5245,0.931,True,ok,94433114095553905509144383711174423489033787638673299544710882520134793959810,31736369361074886377613101396410217381620461265660221156045531236082984649607,323.25,0.2313501,0.7686499,0.2313501,call_slope,bidask_mid,False,91,110.0,450.0,7.5,2026-02-06T00:50:22.144640+01:00,PRE,2026-02-05T23:47:39.769593Z,2026-02-06 21:00:00+00:00,True,ok,pPM_polymarket_snapshot_v1.0.1,intraday_prepost_1m,2026-02-05T23:50:22.144640+00:00,2026-02-05T23:50:22.144640+00:00,0.1961574142589663,realized_20d,20,False,0.0,323.27342597412917,0.0821917808219177,91,91,16.0,16.0,0,0,0,0,raw,2026-02-06,2026-02-06,2026-02-06,323.25,323.25,323.25,323.25,0.03,0.0024155839472349,0.0491485904908259,0.6321693211309689,0.0505195999582402,0.0505195999582402,-1.2007034516619453,0.0,-1.0586459938768105,-0.235526884369823,-0.0606590580464397,0.0096408604251532,5.240154688520682,5.240154688520682,0.0504471324398231,0.0504471324398231,5.232637982000585,5.232637982000585,-0.0605720460469429,-0.0605720460469429,0.10554854865627217,0.8944514513437278,-0.09554854865627216,no contract,v1.5.0,2026-02-06T12:08:09.137879+00:00
2026-02-05 23:50:22.144640+00:00,2026-02-02,2026-02-06,2026-02-08,GOOGL,googl-close-above-on-february-6-2026,Google (GOOGL) closes above ___ on February 6?,Will Google (GOOGL) close above $345 on February 6?,199244,1339438,0xd56c0c5fc44f5109913f27842f7c78f2f6156ea2f02fbe07ac82307156285c70,2026-02-06 00:00:00+00:00,345.0,0.8816881407407408,0.95,0.48,0.94,0.99,0.52,0.94,True,ok,4355378183214903931252928016967876547643054395101400512590175926044443098560,59092483026077058659463666304314897845668924163226981043987123648206275268255,323.25,0.110008,0.889992,0.110008,call_slope,bidask_mid,False,91,110.0,450.0,7.5,2026-02-06T00:50:22.144640+01:00,PRE,2026-02-05T23:47:39.769593Z,2026-02-06 21:00:00+00:00,True,ok,pPM_polymarket_snapshot_v1.0.1,intraday_prepost_1m,2026-02-05T23:50:22.144640+00:00,2026-02-05T23:50:22.144640+00:00,0.1961574142589663,realized_20d,20,False,0.0,323.27342597412917,0.0821917808219177,91,91,16.0,16.0,0,0,0,0,raw,2026-02-06,2026-02-06,2026-02-06,323.25,323.25,323.25,323.25,0.03,0.0024155839472349,0.0491485904908259,0.6321693211309689,0.0651183993793928,0.0651183993793928,-2.0906593835010976,0.0,-1.843309584761266,-0.41009833876382,-0.1361403927010996,0.0096408604251532,6.754417812075912,6.754417812075912,0.0650459318609758,0.0650459318609758,6.746901105555833,6.746901105555833,-0.1359888878037222,-0.1359888878037222,0.040726642223979356,0.9592733577760206,-0.03072664222397936,no contract,v1.5.0,2026-02-06T12:08:09.137879+00:00
2026-02-05 23:50:22.144640+00:00,2026-02-02,2026-02-06,2026-02-08,MSFT,msft-close-above-on-february-6-2026,Microsoft (MSFT) closes above ___ on February 6?,Will Microsoft (MSFT) close above $390 on February 6?,199233,1339407,0x0e126d5be4474b47fc5cc562521e88af6550c9b31663f8d1e3b34d0c776ef6a6,2026-02-06 00:00:00+00:00,390.0,0.8816881407407408,0.93,0.5700000000000001,0.7200000000000001,0.79,0.43,0.72,True,ok,98981640955003502789598454065792186562737624568361784733590667421215863712757,54136558546062041633880152488599200690012071163886418600816631559608949283762,392.75,0.7067178,0.2932822,0.7067178,call_slope,bidask_mid,False,101,270.0,655.0,7.5,2026-02-06T00:50:22.144640+01:00,PRE,2026-02-05T23:49:47.440083Z,2026-02-06 21:00:00+00:00,True,ok,pPM_polymarket_snapshot_v1.0.1,intraday_prepost_1m,2026-02-05T23:50:22.144640+00:00,2026-02-05T23:50:22.144640+00:00,0.4778355745728781,realized_20d,20,False,0.0,392.7784626491546,0.9999999999999998,101,101,17.0,17.0,0,0,0,0,raw,2026-02-06,2026-02-06,2026-02-06,392.75,392.75,392.75,392.75,0.03,0.0024155839472349,0.0491485904908259,0.6321693211309689,-0.0070265380120384,0.0070265380120384,0.8794961494436209,0.0,0.7754413247915868,0.4202545479040264,-0.006179813125507,0.0234849449766309,-0.2991932925127283,0.2991932925127283,-0.0070990055304554,0.0070990055304554,-0.3022789935219969,0.3022789935219969,-0.0062435480289145,0.0062435480289145,0.7295134159859215,0.27048658401407855,-0.2004865840140786,yes contract,v1.5.0,2026-02-06T12:08:09.137879+00:00
2026-02-05 23:50:22.144640+00:00,2026-02-02,2026-02-06,2026-02-08,MSFT,msft-close-above-on-february-6-2026,Microsoft (MSFT) closes above ___ on February 6?,Will Microsoft (MSFT) close above $400 on February 6?,199233,1339408,0x362fcfec480d22bad2b70b06ca753faaaaa7dfc2e9049f6957f67ffb22a4a838,2026-02-06 00:00:00+00:00,400.0,0.8816881407407408,0.7,0.375,0.6499999999999999,0.95,0.625,0.6499999999999999,True,ok,111411294682062862547807106570670613980125417242887779631369140473733206517228,73129830504591051786017657716416802577123978986425064509921825730497314311301,392.75,0.3166896,0.6833104,0.3166896,call_slope,bidask_mid,False,101,270.0,655.0,7.5,2026-02-06T00:50:22.144640+01:00,PRE,2026-02-05T23:49:47.440083Z,2026-02-06 21:00:00+00:00,True,ok,pPM_polymarket_snapshot_v1.0.1,intraday_prepost_1m,2026-02-05T23:50:22.144640+00:00,2026-02-05T23:50:22.144640+00:00,0.4778355745728781,realized_20d,20,False,0.0,392.7784626491546,0.9999999999999998,101,101,17.0,17.0,0,0,0,0,raw,2026-02-06,2026-02-06,2026-02-06,392.75,392.75,392.75,392.75,0.03,0.0024155839472349,0.0491485904908259,0.6321693211309689,0.0182912699722513,0.0182912699722513,-0.7690271075687216,0.0,-0.6780420806514958,-0.3674685098072186,-0.014066482440519,0.0234849449766309,0.7788508761869541,0.7788508761869541,0.0182188024538343,0.0182188024538343,0.7757651751776823,0.7757651751776823,-0.0140107529544381,-0.0140107529544381,0.23953564465982144,0.7604643553401785,-0.18953564465982142,no contract,v1.5.0,2026-02-06T12:08:09.137879+00:00
2026-02-05 23:50:22.144640+00:00,2026-02-02,2026-02-06,2026-02-08,MSFT,msft-close-above-on-february-6-2026,Microsoft (MSFT) closes above ___ on February 6?,Will Microsoft (MSFT) close above $410 on February 6?,199233,1339409,0x4507368e6ec09d2cb1d79e9f169b472a60e4c254e812697a6d64517516894f8c,2026-02-06 00:00:00+00:00,410.0,0.8816881407407408,0.36,0.185,0.35,0.99,0.815,0.35,True,ok,4263263702740115058941962140995400226477919129276286220849431785355679628807,67080232590598485898251912592828199348400879494909414902453577343976086256343,392.75,0.0653381,0.9346619,0.0653381,call_slope,bidask_mid,False,101,270.0,655.0,7.5,2026-02-06T00:50:22.144640+01:00,PRE,2026-02-05T23:49:47.440083Z,2026-02-06 21:00:00+00:00,True,ok,pPM_polymarket_snapshot_v1.0.1,intraday_prepost_1m,2026-02-05T23:50:22.144640+00:00,2026-02-05T23:50:22.144640+00:00,0.4778355745728781,realized_20d,20,False,0.0,392.7784626491546,0.9999999999999998,101,101,17.0,17.0,0,0,0,0,raw,2026-02-06,2026-02-06,2026-02-06,392.75,392.75,392.75,392.75,0.03,0.0024155839472349,0.0491485904908259,0.6321693211309689,0.0429838825626229,0.0429838825626229,-2.660609532531331,0.0,-2.345827871974641,-1.2713338846911852,-0.1143633276913219,0.0234849449766309,1.8302739310394305,1.8302739310394305,0.0429114150442059,0.0429114150442059,1.82718823003016,1.82718823003016,-0.1141705199210226,-0.1141705199210226,0.034502776686842256,0.9654972233131578,,pRN_out_of_range,v1.5.0,2026-02-06T12:08:09.137879+00:00
2026-02-05 23:50:22.144640+00:00,2026-02-02,2026-02-06,2026-02-08,MSFT,msft-close-above-on-february-6-2026,Microsoft (MSFT) closes above ___ on February 6?,Will Microsoft (MSFT) close above $420 on February 6?,199233,1339410,0x1b5e9ecaa6277a0f332a4ae996b108ace5fff50556ef6f11813e96f1cf96ded0,2026-02-06 00:00:00+00:00,420.0,0.8816881407407408,0.177,0.0935,0.1669999999999999,0.99,0.9065,0.167,True,ok,95750769566274589425464317210348581072431561937158692261657669074632404350918,50706067027712865010370651824516470049750885414154344403703276757711767406908,392.75,0.0086673,0.9913327,0.0086673,call_slope,bidask_mid,False,101,270.0,655.0,7.5,2026-02-06T00:50:22.144640+01:00,PRE,2026-02-05T23:49:47.440083Z,2026-02-06 21:00:00+00:00,True,ok,pPM_polymarket_snapshot_v1.0.1,intraday_prepost_1m,2026-02-05T23:50:22.144640+00:00,2026-02-05T23:50:22.144640+00:00,0.4778355745728781,realized_20d,20,False,0.0,392.7784626491546,0.9999999999999998,101,101,17.0,17.0,0,0,0,0,raw,2026-02-06,2026-02-06,2026-02-06,392.75,392.75,392.75,392.75,0.03,0.0024155839472349,0.0491485904908259,0.6321693211309689,0.0670814341416833,0.0670814341416833,-4.739492875875118,0.0,-4.1787546617843185,-2.2646983015278495,-0.3179319792179941,0.0234849449766309,2.856359008225647,2.856359008225647,0.0670089666232663,0.0670089666232663,2.853273307216378,2.853273307216378,-0.3175885199307243,-0.3175885199307243,0.004244412243510084,0.9957555877564899,,pRN_out_of_range,v1.5.0,2026-02-06T12:08:09.137879+00:00
2026-02-05 23:50:22.144640+00:00,2026-02-02,2026-02-06,2026-02-08,MSFT,msft-close-above-on-february-6-2026,Microsoft (MSFT) closes above ___ on February 6?,Will Microsoft (MSFT) close above $430 on February 6?,199233,1339411,0x27291be2fe31668b6f3432796632a5e110ca429f3fc1b19832cfc4f329dd9d39,2026-02-06 00:00:00+00:00,430.0,0.8816881407407408,0.95,0.479,0.942,0.992,0.521,0.942,True,ok,84647626568461902747499322529680361636553319420441497626681965240105167134820,38534740009620601201550617288041208442350420893963427834524254537269636479503,392.75,0.0026669,0.9973331,0.0026669,call_slope,bidask_mid,False,101,270.0,655.0,7.5,2026-02-06T00:50:22.144640+01:00,PRE,2026-02-05T23:49:47.440083Z,2026-02-06 21:00:00+00:00,True,ok,pPM_polymarket_snapshot_v1.0.1,intraday_prepost_1m,2026-02-05T23:50:22.144640+00:00,2026-02-05T23:50:22.144640+00:00,0.4778355745728781,realized_20d,20,False,0.0,392.7784626491546,0.9999999999999998,101,101,17.0,17.0,0,0,0,0,raw,2026-02-06,2026-02-06,2026-02-06,392.75,392.75,392.75,392.75,0.03,0.0024155839472349,0.0491485904908259,0.6321693211309689,0.0906119315518775,0.0906119315518775,-5.924168067285187,0.0,-5.2232687286803445,-2.8307782522975145,-0.5368003114146641,0.0234849449766309,3.8582986522660576,3.8582986522660576,0.0905394640334605,0.0905394640334605,3.855212951256789,3.855212951256789,-0.5363710016561427,-0.5363710016561427,0.0013021646606270944,0.998697835339373,,pRN_out_of_range,v1.5.0,2026-02-06T12:08:09.137879+00:00
2026-02-05 23:50:22.144640+00:00,2026-02-02,2026-02-06,2026-02-08,NVDA,nvda-close-above-on-february-6-2026,NVIDIA (NVDA) closes above ___ on February 6?,Will NVIDIA (NVDA) close above $165 on February 6?,199256,1339456,0x7550b2759f9528cfa7b97e62d3c253bd1dedf35c6b5d82e517bee832fc8c8ee2,2026-02-06 00:00:00+00:00,165.0,0.8816881407407408,0.97,0.665,0.61,0.64,0.335,0.61,True,ok,54007800195705823340198961441374619611756556147834087265452811179297836600983,70028789388556135389517729533126597442998676989959990240178439421218436859516,170.183,0.893398,0.106602,0.893398,call_slope,bidask_mid,False,71,50.0,360.0,7.5,2026-02-06T00:50:22.144640+01:00,PRE,2026-02-05T23:47:39.700557Z,2026-02-06 21:00:00+00:00,True,ok,pPM_polymarket_snapshot_v1.0.1,intraday_prepost_1m,2026-02-05T23:50:22.144640+00:00,2026-02-05T23:50:22.144640+00:00,0.3157563589289969,realized_20d,20,False,0.0,170.19533318655908,0.2655601659751038,71,71,10.0,10.0,0,0,0,0,raw,2026-02-06,2026-02-06,2026-02-06,170.183,170.183,170.183,170.183,0.03,0.0024155839472349,0.0491485904908259,0.6321693211309689,-0.030928854758918,0.030928854758918,2.1259298969947813,0.0,1.8744071782264833,0.6712758836133697,-0.0657525770117931,0.0155189799798755,-1.9929695636585336,1.9929695636585336,-0.0310013222773351,0.0310013222773351,-1.997639169425862,1.997639169425862,-0.065906637875757,0.065906637875757,0.9455895828588072,0.05441041714119277,-0.024410417141192742,yes contract,v1.5.0,2026-02-06T12:08:09.137879+00:00
2026-02-05 23:50:22.144640+00:00,2026-02-02,2026-02-06,2026-02-08,NVDA,nvda-close-above-on-february-6-2026,NVIDIA (NVDA) closes above ___ on February 6?,Will NVIDIA (NVDA) close above $170 on February 6?,199256,1339457,0xa9f2c991cc1190c55d75ac34ce9be27e676d3ed93026c0ba490a321f9390f1d8,2026-02-06 00:00:00+00:00,170.0,0.8816881407407408,0.89,0.525,0.73,0.84,0.475,0.73,True,ok,44253820719480912582883037451278538157949889689394613160890259014514951874517,104221388378766492183457732510208638161027300792854043145783757365406368958540,170.183,0.6647148,0.3352852,0.6647148,call_slope,bidask_mid,False,71,50.0,360.0,7.5,2026-02-06T00:50:22.144640+01:00,PRE,2026-02-05T23:47:39.700557Z,2026-02-06 21:00:00+00:00,True,ok,pPM_polymarket_snapshot_v1.0.1,intraday_prepost_1m,2026-02-05T23:50:22.144640+00:00,2026-02-05T23:50:22.144640+00:00,0.3157563589289969,realized_20d,20,False,0.0,170.19533318655908,0.2655601659751038,71,71,10.0,10.0,0,0,0,0,raw,2026-02-06,2026-02-06,2026-02-06,170.183,170.183,170.183,170.183,0.03,0.0024155839472349,0.0491485904908259,0.6321693211309689,-0.0010758916092369,0.0010758916092369,0.6843765635619224,0.0,0.6034066998934488,0.2160962518466518,-0.0007363150022946,0.0155189799798755,-0.0693274693718341,0.0693274693718341,-0.001148359127654,0.001148359127654,-0.0739970751391642,0.0739970751391642,-0.0007859100735188,0.0007859100735188,0.6602457317476949,0.33975426825230515,-0.22975426825230516,yes contract,v1.5.0,2026-02-06T12:08:09.137879+00:00
2026-02-05 23:50:22.144640+00:00,2026-02-02,2026-02-06,2026-02-08,NVDA,nvda-close-above-on-february-6-2026,NVIDIA (NVDA) closes above ___ on February 6?,Will NVIDIA (NVDA) close above $175 on February 6?,199256,1339458,0xd931e5bb610d7d3e91eebba0dbf21239e0d7dbccecb3d876243bb19890000339,2026-02-06 00:00:00+00:00,175.0,0.8816881407407408,0.72,0.385,0.6699999999999999,0.95,0.615,0.6699999999999999,True,ok,96734142872296131586100253958678680358916926322573349603220623436873499719151,87207614793440345549428041315497623947036268491256541874367874722855408212521,170.183,0.4113631,0.5886369,0.4113631,call_slope,bidask_mid,False,71,50.0,360.0,7.5,2026-02-06T00:50:22.144640+01:00,PRE,2026-02-05T23:47:39.700557Z,2026-02-06 21:00:00+00:00,True,ok,pPM_polymarket_snapshot_v1.0.1,intraday_prepost_1m,2026-02-05T23:50:22.144640+00:00,2026-02-05T23:50:22.144640+00:00,0.3157563589289969,realized_20d,20,False,0.0,170.19533318655908,0.2655601659751038,71,71,10.0,10.0,0,0,0,0,raw,2026-02-06,2026-02-06,2026-02-06,170.183,170.183,170.183,170.183,0.03,0.0024155839472349,0.0491485904908259,0.6321693211309689,0.0279116452640154,0.0279116452640154,-0.3583332454984615,0.0,-0.3159381729891339,-0.1131460008818046,-0.0100016704346564,0.0155189799798755,1.7985489574836937,1.7985489574836937,0.0278391777455982,0.0278391777455982,1.7938793517163618,1.7938793517163618,-0.0099757029135887,-0.0099757029135887,0.2795938222246331,0.720406177775367,-0.22959382222463298,no contract,v1.5.0,2026-02-06T12:08:09.137879+00:00
2026-02-05 23:50:22.144640+00:00,2026-02-02,2026-02-06,2026-02-08,NVDA,nvda-close-above-on-february-6-2026,NVIDIA (NVDA) closes above ___ on February 6?,Will NVIDIA (NVDA) close above $180 on February 6?,199256,1339459,0x728074dfe47078a0f6ffb61910c4239773c195bbbdf7393c97fe404f7eb352fd,2026-02-06 00:00:00+00:00,180.0,0.8816881407407408,0.42,0.235,0.37,0.95,0.7649999999999999,0.37,True,ok,95207885350978560622774763566214997721470228295507913525493460868314558861591,29917685164151936795682159308164927632458256042278086823702983339575566294983,170.183,0.1260091,0.8739909,0.1260091,call_slope,bidask_mid,False,71,50.0,360.0,7.5,2026-02-06T00:50:22.144640+01:00,PRE,2026-02-05T23:47:39.700557Z,2026-02-06 21:00:00+00:00,True,ok,pPM_polymarket_snapshot_v1.0.1,intraday_prepost_1m,2026-02-05T23:50:22.144640+00:00,2026-02-05T23:50:22.144640+00:00,0.3157563589289969,realized_20d,20,False,0.0,170.19533318655908,0.2655601659751038,71,71,10.0,10.0,0,0,0,0,raw,2026-02-06,2026-02-06,2026-02-06,170.183,170.183,170.183,170.183,0.03,0.0024155839472349,0.0491485904908259,0.6321693211309689,0.0560825222307117,0.0560825222307117,-1.9367158371362163,0.0,-1.707579385587778,-0.611530341014256,-0.1086159089907633,0.0155189799798755,3.6138020864410927,3.6138020864410927,0.0560100547122945,0.0560100547122945,3.60913248067376,3.60913248067376,-0.1084755600001668,-0.1084755600001668,0.0530181007977993,0.9469818992022007,-0.0030181007977992946,no contract,v1.5.0,2026-02-06T12:08:09.137879+00:00
2026-02-05 23:50:22.144640+00:00,2026-02-02,2026-02-06,2026-02-08,NVDA,nvda-close-above-on-february-6-2026,NVIDIA (NVDA) closes above ___ on February 6?,Will NVIDIA (NVDA) close above $185 on February 6?,199256,1339460,0x38cad3a51d1eae2f5105d7242e92fe8ae2daedc418fd9307e1bdeb2ba7a34092,2026-02-06 00:00:00+00:00,185.0,0.8816881407407408,0.25,0.135,0.23,0.98,0.865,0.2299999999999999,True,ok,79300906109403554149999644126533257616039032763076686040248708971167247667603,18167264480524092012734897290904311573270563420213282583628875257790929530040,170.183,0.0200014,0.9799986,0.0200014,call_slope,bidask_mid,False,71,50.0,360.0,7.5,2026-02-06T00:50:22.144640+01:00,PRE,2026-02-05T23:47:39.700557Z,2026-02-06 21:00:00+00:00,True,ok,pPM_polymarket_snapshot_v1.0.1,intraday_prepost_1m,2026-02-05T23:50:22.144640+00:00,2026-02-05T23:50:22.144640+00:00,0.3157563589289969,realized_20d,20,False,0.0,170.19533318655908,0.2655601659751038,71,71,10.0,10.0,0,0,0,0,raw,2026-02-06,2026-02-06,2026-02-06,170.183,170.183,170.183,170.183,0.03,0.0024155839472349,0.0491485904908259,0.6321693211309689,0.0834814964188261,0.0834814964188261,-3.8917488719880633,0.0,-3.4313088271730305,-1.228844453684982,-0.324889019519842,0.0155189799798755,5.379315942612339,5.379315942612339,0.0834090289004091,0.0834090289004091,5.374646336845017,5.374646336845017,-0.324606994136787,-0.324606994136787,0.007220396045649018,0.9927796039543509,,pRN_out_of_range,v1.5.0,2026-02-06T12:08:09.137879+00:00
2026-02-05 23:50:22.144640+00:00,2026-02-02,2026-02-06,2026-02-08,TSLA,tsla-close-above-on-february-6-2026,Tesla (TSLA) closes above ___ on February 6?,Will Tesla (TSLA) close above $390 on February 6?,199253,1339449,0xa46a114ae62f847205876b79995cab1c0fa3ef21df3cfcedc8483dcaa12e6e34,2026-02-06 00:00:00+00:00,390.0,0.8816881407407408,0.93,0.5700000000000001,0.7200000000000001,0.79,0.43,0.72,True,ok,108528321675285057612484958356948540249505935051499986786279208062837182454218,87967500349539883921267830454872347309973277210577839919538001122223759724727,390.3788,0.6400463,0.3599537,0.6400463,call_slope,bidask_mid,False,159,140.0,980.0,7.5,2026-02-06T00:50:22.144640+01:00,PRE,2026-02-05T23:47:39.538486Z,2026-02-06 21:00:00+00:00,True,ok,pPM_polymarket_snapshot_v1.0.1,intraday_prepost_1m,2026-02-05T23:50:22.144640+00:00,2026-02-05T23:50:22.144640+00:00,0.3827920232281669,realized_20d,20,False,0.0,390.40709080794863,2.0,159,159,18.0,18.0,0,0,0,0,raw,2026-02-06,2026-02-06,2026-02-06,390.3788,390.3788,390.3788,390.3788,0.03,0.0024155839472349,0.0491485904908259,0.6321693211309689,-0.0009708106620803,0.0009708106620803,0.575565105419108,0.0,0.5074689276722217,0.2203217312029135,-0.0005587647410622,0.0188136883927959,-0.0516012937926672,0.0516012937926672,-0.0010432781804976,0.0010432781804976,-0.0554531444720387,0.0554531444720387,-0.0006004745159395,0.0006004745159395,0.634772532775583,0.365227467224417,-0.29522746722441706,yes contract,v1.5.0,2026-02-06T12:08:09.137879+00:00
2026-02-05 23:50:22.144640+00:00,2026-02-02,2026-02-06,2026-02-08,TSLA,tsla-close-above-on-february-6-2026,Tesla (TSLA) closes above ___ on February 6?,Will Tesla (TSLA) close above $400 on February 6?,199253,1339450,0xa7ed2349f34da04cd1a693ccc801741b95c4887a60ea90dcca31893cb961a07c,2026-02-06 00:00:00+00:00,400.0,0.8816881407407408,0.81,0.49,0.64,0.83,0.51,0.6399999999999999,True,ok,33955824265458566510346518076873761767690293266834070056917659183635582072069,13359218253877302060252482709909486172787355645544831706257566676060519402919,390.3788,0.4727009,0.5272991,0.4727009,call_slope,bidask_mid,False,159,140.0,980.0,7.5,2026-02-06T00:50:22.144640+01:00,PRE,2026-02-05T23:47:39.538486Z,2026-02-06 21:00:00+00:00,True,ok,pPM_polymarket_snapshot_v1.0.1,intraday_prepost_1m,2026-02-05T23:50:22.144640+00:00,2026-02-05T23:50:22.144640+00:00,0.3827920232281669,realized_20d,20,False,0.0,390.40709080794863,2.0,159,159,18.0,18.0,0,0,0,0,raw,2026-02-06,2026-02-06,2026-02-06,390.3788,390.3788,390.3788,390.3788,0.03,0.0024155839472349,0.0491485904908259,0.6321693211309689,0.0243469973222095,0.0243469973222095,-0.1093050979733233,0.0,-0.096373008605584,-0.0418411196023614,-0.0026612509276603,0.0188136883927959,1.2941107992164071,1.2941107992164071,0.0242745298037923,0.0242745298037923,1.2902589485370393,1.2902589485370393,-0.0026533298584598,-0.0026533298584598,0.3450678357111315,0.6549321642888686,-0.17506783571113138,no contract,v1.5.0,2026-02-06T12:08:09.137879+00:00
2026-02-05 23:50:22.144640+00:00,2026-02-02,2026-02-06,2026-02-08,TSLA,tsla-close-above-on-february-6-2026,Tesla (TSLA) closes above ___ on February 6?,Will Tesla (TSLA) close above $410 on February 6?,199253,1339452,0x1901fd21133f8c1293c759445feba482595bc024e30c0f83a7f58aa8be59390e,2026-02-06 00:00:00+00:00,410.0,0.8816881407407408,0.62,0.325,0.59,0.97,0.675,0.59,True,ok,76160691403118690724357326666150152410893596261358475677753859570245494084120,39307765459899511803651281674068750499935630020211130850037761052865966417681,390.3788,0.1780129,0.8219871,0.1780129,call_slope,bidask_mid,False,159,140.0,980.0,7.5,2026-02-06T00:50:22.144640+01:00,PRE,2026-02-05T23:47:39.538486Z,2026-02-06 21:00:00+00:00,True,ok,pPM_polymarket_snapshot_v1.0.1,intraday_prepost_1m,2026-02-05T23:50:22.144640+00:00,2026-02-05T23:50:22.144640+00:00,0.3827920232281669,realized_20d,20,False,0.0,390.40709080794863,2.0,159,159,18.0,18.0,0,0,0,0,raw,2026-02-06,2026-02-06,2026-02-06,390.3788,390.3788,390.3788,390.3788,0.03,0.0024155839472349,0.0491485904908259,0.6321693211309689,0.0490396099125808,0.0490396099125808,-1.5298686819261442,0.0,-1.3488670737449495,-0.5856215280279177,-0.0750241633791323,0.0188136883927959,2.606592013682921,2.606592013682921,0.0489671423941638,0.0489671423941638,2.602740163003562,2.602740163003562,-0.0749132975922492,-0.0749132975922492,0.08272647536768378,0.9172735246323163,-0.05272647536768371,no contract,v1.5.0,2026-02-06T12:08:09.137879+00:00
2026-02-05 23:50:22.144640+00:00,2026-02-02,2026-02-06,2026-02-08,TSLA,tsla-close-above-on-february-6-2026,Tesla (TSLA) closes above ___ on February 6?,Will Tesla (TSLA) close above $420 on February 6?,199253,1339453,0x61cb77632702183b62058657509b35b3a862949865eb26827c9dbe68cf71db28,2026-02-06 00:00:00+00:00,420.0,0.8816881407407408,0.394,0.202,0.384,0.99,0.798,0.384,True,ok,16623838788959980382025331249609602342033956672810565594165677501636910578971,101206448778676030181279500076572585327550137413606347398052970026049319885367,390.3788,0.042003,0.957997,0.042003,call_slope,bidask_mid,False,159,140.0,980.0,7.5,2026-02-06T00:50:22.144640+01:00,PRE,2026-02-05T23:47:39.538486Z,2026-02-06 21:00:00+00:00,True,ok,pPM_polymarket_snapshot_v1.0.1,intraday_prepost_1m,2026-02-05T23:50:22.144640+00:00,2026-02-05T23:50:22.144640+00:00,0.3827920232281669,realized_20d,20,False,0.0,390.40709080794863,2.0,159,159,18.0,18.0,0,0,0,0,raw,2026-02-06,2026-02-06,2026-02-06,390.3788,390.3788,390.3788,390.3788,0.03,0.0024155839472349,0.0491485904908259,0.6321693211309689,0.0731371614916414,0.0731371614916414,-3.127103602138051,0.0,-2.757130160872771,-1.197030314706513,-0.2287074811506642,0.0188136883927959,3.887444076072129,3.887444076072129,0.0730646939732243,0.0730646939732243,3.883592225392768,3.883592225392768,-0.2284808677127841,-0.2284808677127841,0.015394657468511787,0.9846053425314882,,pRN_out_of_range,v1.5.0,2026-02-06T12:08:09.137879+00:00
2026-02-05 23:50:22.144640+00:00,2026-02-02,2026-02-06,2026-02-08,TSLA,tsla-close-above-on-february-6-2026,Tesla (TSLA) closes above ___ on February 6?,Will Tesla (TSLA) close above $430 on February 6?,199253,1339454,0xfe60d9cdccae21f886abccbd015b35c57fef7e3dbbbb47f41df93320f4cd57c7,2026-02-06 00:00:00+00:00,430.0,0.8816881407407408,0.209,0.1095,0.1989999999999999,0.99,0.8905000000000001,0.1989999999999999,True,ok,49941709487001470665968272911590692250200824078110356486477413351749605039740,52725010599443499829178383658013934018158885088702848793476700520609035625439,390.3788,0.009334,0.990666,0.009334,call_slope,bidask_mid,False,159,140.0,980.0,7.5,2026-02-06T00:50:22.144640+01:00,PRE,2026-02-05T23:47:39.538486Z,2026-02-06 21:00:00+00:00,True,ok,pPM_polymarket_snapshot_v1.0.1,intraday_prepost_1m,2026-02-05T23:50:22.144640+00:00,2026-02-05T23:50:22.144640+00:00,0.3827920232281669,realized_20d,20,False,0.0,390.40709080794863,2.0,159,159,18.0,18.0,0,0,0,0,raw,2026-02-06,2026-02-06,2026-02-06,390.3788,390.3788,390.3788,390.3788,0.03,0.0024155839472349,0.0491485904908259,0.6321693211309689,0.0966676589018355,0.0966676589018355,-4.66471379669418,0.0,-4.112822834494973,-1.7856152320169092,-0.4509269621735193,0.0188136883927959,5.1381556281569605,5.1381556281569605,0.0965951913834184,0.0965951913834184,5.134303777477597,5.134303777477597,-0.4505889219405467,-0.4505889219405467,0.003370250126487977,0.996629749873512,,pRN_out_of_range,v1.5.0,2026-02-06T12:08:09.137879+00:00
